<?xml version="1.0" encoding="UTF-8"?>
<project-private xmlns="http://www.netbeans.org/ns/project-private/1">
    <editor-bookmarks xmlns="http://www.netbeans.org/ns/editor-bookmarks/2" lastBookmarkId="0"/>
    <open-files xmlns="http://www.netbeans.org/ns/projectui-open-files/2">
        <group>
            <file>file:/C:/Users/ASUS%20CELERON/Desktop/TMN/PiDev_TMN/src/edu/esprit/GUI/Commande_GestionController.java</file>
            <file>file:/C:/Users/ASUS%20CELERON/Desktop/TMN/PiDev_TMN/src/edu/esprit/services/CommandeCRUD.java</file>
            <file>file:/C:/Users/ASUS%20CELERON/Desktop/TMN/PiDev_TMN/src/edu/esprit/tests/NewFXMain.java</file>
            <file>file:/C:/Users/ASUS%20CELERON/Desktop/TMN/PiDev_TMN/src/edu/esprit/tests/Commande_Gestion.fxml</file>
            <file>file:/C:/Users/ASUS%20CELERON/Desktop/TMN/PiDev_TMN/src/edu/esprit/tests/Commande_GestionController.java</file>
            <file>file:/C:/Users/ASUS%20CELERON/Desktop/TMN/PiDev_TMN/src/edu/esprit/entities/Commande.java</file>
            <file>file:/C:/Users/ASUS%20CELERON/Desktop/TMN/PiDev_TMN/src/edu/esprit/GUI/Commande_Gestion.fxml</file>
        </group>
    </open-files>
</project-private>
